"Record Length",2500,"Points",-0.00267999999,           0
"Sample Interval",3.99999999e-006,s,-0.00267599999,           0
"Trigger Point",670,"Samples",-0.00267199999,      -0.006
"Trigger Time",3.13154243e-006,s,-0.00266799999,      -0.004
"",,,-0.00266399999,       0.002
"Horizontal Offset",-0.00267999999,s,-0.00265999999,       0.004
,,,-0.00265599999,       0.002
,,,-0.00265199999,       0.004
,,,-0.00264799999,       0.008
,,,-0.00264399999,      -0.002
,,,-0.00263999999,       0.004
,,,-0.00263599999,           0
,,,-0.00263199999,       0.004
,,,-0.00262799999,       0.006
,,,-0.00262399999,      -0.002
,,,-0.00261999999,           0
,,,-0.00261599999,       0.002
,,,-0.00261199999,       0.006
,,,-0.00260799999,           0
,,,-0.00260399999,       0.002
,,,-0.00259999999,       0.002
,,,-0.00259599999,      -0.002
,,,-0.00259199999,       0.006
,,,-0.00258799999,           0
,,,-0.00258399999,       0.002
,,,-0.00257999999,      -0.006
,,,-0.00257599999,       0.004
,,,-0.00257199999,       0.006
,,,-0.00256799999,       0.002
,,,-0.00256399999,       0.008
,,,-0.00255999999,           0
,,,-0.00255599999,           0
,,,-0.00255199999,       0.008
,,,-0.00254799999,           0
,,,-0.00254399999,       0.004
,,,-0.00253999999,       0.006
,,,-0.00253599999,      -0.002
,,,-0.00253199999,       0.002
,,,-0.00252799999,       0.004
,,,-0.00252399999,       0.004
,,,-0.00251999999,       0.006
,,,-0.00251599999,       0.006
,,,-0.00251199999,        0.01
,,,-0.00250799999,       0.002
,,,-0.00250399999,       0.006
,,,-0.00249999999,       0.006
,,,-0.00249599999,       0.004
,,,-0.00249199999,       0.002
,,,-0.00248799999,       0.002
,,,-0.00248399999,           0
,,,-0.00247999999,       0.006
,,,-0.00247599999,       0.004
,,,-0.00247199999,       0.002
,,,-0.00246799999,           0
,,,-0.00246399999,       0.002
,,,-0.00245999999,       0.006
,,,-0.00245599999,       0.002
,,,-0.00245199999,       0.008
,,,-0.00244799999,       0.002
,,,-0.00244399999,           0
,,,-0.00243999999,       0.004
,,,-0.00243599999,       0.002
,,,-0.00243199999,       0.002
,,,-0.00242799999,       0.002
,,,-0.00242399999,       0.002
,,,-0.00241999999,       0.006
,,,-0.00241599999,      -0.004
,,,-0.00241199999,       0.002
,,,-0.00240799999,       0.002
,,,-0.00240399999,       0.002
,,,-0.00239999999,           0
,,,-0.00239599999,           0
,,,-0.00239199999,       0.002
,,,-0.00238799999,       0.006
,,,-0.00238399999,       0.006
,,,-0.00237999999,       0.002
,,,-0.00237599999,      -0.002
,,,-0.00237199999,       0.002
,,,-0.00236799999,           0
,,,-0.00236399999,       0.006
,,,-0.00235999999,       0.008
,,,-0.00235599999,       0.004
,,,-0.00235199999,       0.002
,,,-0.00234799999,       0.008
,,,-0.00234399999,       0.004
,,,-0.00233999999,      -0.002
,,,-0.00233599999,       0.004
,,,-0.00233199999,       0.002
,,,-0.00232799999,      -0.002
,,,-0.00232399999,           0
,,,-0.00231999999,       0.004
,,,-0.00231599999,           0
,,,-0.00231199999,       0.002
,,,-0.00230799999,           0
,,,-0.00230399999,       0.006
,,,-0.00229999999,           0
,,,-0.00229599999,       0.004
,,,-0.00229199999,           0
,,,-0.00228799999,       0.008
,,,-0.00228399999,       0.006
,,,-0.00227999999,       0.004
,,,-0.00227599999,       0.006
,,,-0.00227199999,       0.002
,,,-0.00226799999,       0.004
,,,-0.00226399999,           0
,,,-0.00225999999,       0.006
,,,-0.00225599999,       0.006
,,,-0.00225199999,       0.002
,,,-0.00224799999,       0.008
,,,-0.00224399999,       0.004
,,,-0.00223999999,       0.006
,,,-0.00223599999,       0.004
,,,-0.00223199999,       0.006
,,,-0.00222799999,       0.006
,,,-0.00222399999,       0.006
,,,-0.00221999999,       0.004
,,,-0.00221599999,       0.002
,,,-0.00221199999,       0.006
,,,-0.00220799999,       0.006
,,,-0.00220399999,       0.004
,,,-0.00219999999,       0.006
,,,-0.00219599999,       0.008
,,,-0.00219199999,       0.002
,,,-0.00218799999,           0
,,,-0.00218399999,       0.008
,,,-0.00217999999,       0.006
,,,-0.00217599999,       0.006
,,,-0.00217199999,       0.002
,,,-0.00216799999,       0.008
,,,-0.00216399999,       0.006
,,,-0.00215999999,       0.004
,,,-0.00215599999,       0.006
,,,-0.00215199999,       0.006
,,,-0.00214799999,           0
,,,-0.00214399999,       0.008
,,,-0.00213999999,       0.002
,,,-0.00213599999,       0.002
,,,-0.00213199999,       0.006
,,,-0.00212799999,       0.004
,,,-0.00212399999,       0.004
,,,-0.00211999999,      -0.002
,,,-0.00211599999,       0.006
,,,-0.00211199999,        0.01
,,,-0.00210799999,        0.01
,,,-0.00210399999,       0.004
,,,-0.00209999999,       0.002
,,,-0.00209599999,        0.01
,,,-0.00209199999,       0.004
,,,-0.00208799999,       0.004
,,,-0.00208399999,       0.006
,,,-0.00207999999,       0.006
,,,-0.00207599999,       0.006
,,,-0.00207199999,       0.004
,,,-0.00206799999,       0.006
,,,-0.00206399999,       0.002
,,,-0.00205999999,       0.008
,,,-0.00205599999,       0.004
,,,-0.00205199999,      -0.004
,,,-0.00204799999,           0
,,,-0.00204399999,       0.008
,,,-0.00203999999,       0.002
,,,-0.00203599999,       0.002
,,,-0.00203199999,           0
,,,-0.00202799999,       0.008
,,,-0.00202399999,       0.012
,,,-0.00201999999,       0.006
,,,-0.00201599999,       0.006
,,,-0.00201199999,       0.004
,,,-0.00200799999,       0.006
,,,-0.00200399999,       0.004
,,,-0.00199999999,       0.002
,,,-0.00199599999,           0
,,,-0.00199199999,       0.006
,,,-0.00198799999,       0.006
,,,-0.00198399999,           0
,,,    -0.00198,       0.008
,,,   -0.001976,       0.002
,,,   -0.001972,       0.002
,,,   -0.001968,           0
,,,   -0.001964,       0.002
,,,    -0.00196,       0.006
,,,   -0.001956,           0
,,,   -0.001952,       0.006
,,,   -0.001948,       0.008
,,,   -0.001944,       0.002
,,,    -0.00194,       0.004
,,,   -0.001936,       0.004
,,,   -0.001932,       0.004
,,,   -0.001928,           0
,,,   -0.001924,       0.002
,,,    -0.00192,        0.01
,,,   -0.001916,      -0.002
,,,   -0.001912,       0.008
,,,   -0.001908,           0
,,,   -0.001904,       0.006
,,,     -0.0019,           0
,,,   -0.001896,       0.002
,,,   -0.001892,       0.008
,,,   -0.001888,           0
,,,   -0.001884,        0.01
,,,    -0.00188,       0.006
,,,   -0.001876,       0.008
,,,   -0.001872,       0.004
,,,   -0.001868,       0.002
,,,   -0.001864,       0.002
,,,    -0.00186,       0.004
,,,   -0.001856,       0.006
,,,   -0.001852,           0
,,,   -0.001848,       0.008
,,,   -0.001844,        0.01
,,,    -0.00184,       0.006
,,,   -0.001836,       0.004
,,,   -0.001832,       0.002
,,,   -0.001828,       0.004
,,,   -0.001824,        0.01
,,,    -0.00182,       0.002
,,,   -0.001816,       0.012
,,,   -0.001812,       0.006
,,,   -0.001808,       0.008
,,,   -0.001804,       0.004
,,,     -0.0018,        0.01
,,,   -0.001796,       0.002
,,,   -0.001792,      -0.002
,,,   -0.001788,       0.004
,,,   -0.001784,       0.002
,,,    -0.00178,       0.006
,,,   -0.001776,       0.006
,,,   -0.001772,           0
,,,   -0.001768,       0.004
,,,   -0.001764,       0.006
,,,    -0.00176,       0.004
,,,   -0.001756,       0.006
,,,   -0.001752,       0.004
,,,   -0.001748,       0.004
,,,   -0.001744,       0.002
,,,    -0.00174,       0.006
,,,   -0.001736,       0.004
,,,   -0.001732,       0.012
,,,   -0.001728,           0
,,,   -0.001724,       0.006
,,,    -0.00172,       0.008
,,,   -0.001716,       0.002
,,,   -0.001712,       0.008
,,,   -0.001708,       0.004
,,,   -0.001704,           0
,,,     -0.0017,       0.002
,,,   -0.001696,       0.008
,,,   -0.001692,       0.008
,,,   -0.001688,       0.002
,,,   -0.001684,       0.002
,,,    -0.00168,        0.01
,,,   -0.001676,       0.002
,,,   -0.001672,       0.006
,,,   -0.001668,       0.004
,,,   -0.001664,       0.002
,,,    -0.00166,       0.006
,,,   -0.001656,       0.008
,,,   -0.001652,       0.008
,,,   -0.001648,       0.004
,,,   -0.001644,       0.004
,,,    -0.00164,       0.006
,,,   -0.001636,        0.01
,,,   -0.001632,       0.002
,,,   -0.001628,       0.006
,,,   -0.001624,       0.004
,,,    -0.00162,       0.006
,,,   -0.001616,        0.01
,,,   -0.001612,       0.008
,,,   -0.001608,       0.006
,,,   -0.001604,       0.004
,,,     -0.0016,       0.002
,,,   -0.001596,       0.004
,,,   -0.001592,       0.002
,,,   -0.001588,       0.004
,,,   -0.001584,       0.008
,,,    -0.00158,       0.006
,,,   -0.001576,       0.002
,,,   -0.001572,       0.006
,,,   -0.001568,       0.008
,,,   -0.001564,       0.006
,,,    -0.00156,       0.004
,,,   -0.001556,       0.004
,,,   -0.001552,       0.004
,,,   -0.001548,       0.008
,,,   -0.001544,       0.002
,,,    -0.00154,       0.006
,,,   -0.001536,       0.006
,,,   -0.001532,       0.008
,,,   -0.001528,       0.004
,,,   -0.001524,       0.008
,,,    -0.00152,       0.008
,,,   -0.001516,       0.002
,,,   -0.001512,       0.006
,,,   -0.001508,       0.006
,,,   -0.001504,       0.008
,,,     -0.0015,       0.002
,,,   -0.001496,       0.006
,,,   -0.001492,       0.002
,,,   -0.001488,       0.006
,,,   -0.001484,       0.002
,,,    -0.00148,       0.008
,,,   -0.001476,       0.002
,,,   -0.001472,        0.01
,,,   -0.001468,      -0.002
,,,   -0.001464,       0.002
,,,    -0.00146,       0.002
,,,   -0.001456,       0.002
,,,   -0.001452,       0.006
,,,   -0.001448,        0.01
,,,   -0.001444,       0.012
,,,    -0.00144,       0.002
,,,   -0.001436,       0.004
,,,   -0.001432,       0.006
,,,   -0.001428,       0.002
,,,   -0.001424,        0.01
,,,    -0.00142,       0.002
,,,   -0.001416,       0.006
,,,   -0.001412,       0.006
,,,   -0.001408,      -0.002
,,,   -0.001404,       0.004
,,,     -0.0014,       0.004
,,,   -0.001396,       0.004
,,,   -0.001392,       0.008
,,,   -0.001388,       0.006
,,,   -0.001384,       0.014
,,,    -0.00138,       0.002
,,,   -0.001376,      -0.002
,,,   -0.001372,       0.006
,,,   -0.001368,       0.008
,,,   -0.001364,       0.002
,,,    -0.00136,       0.006
,,,   -0.001356,       0.004
,,,   -0.001352,       0.008
,,,   -0.001348,       0.004
,,,   -0.001344,       0.002
,,,    -0.00134,       0.006
,,,   -0.001336,       0.002
,,,   -0.001332,        0.01
,,,   -0.001328,       0.006
,,,   -0.001324,       0.004
,,,    -0.00132,       0.004
,,,   -0.001316,       0.002
,,,   -0.001312,       0.006
,,,   -0.001308,       0.006
,,,   -0.001304,       0.004
,,,     -0.0013,       0.002
,,,   -0.001296,       0.006
,,,   -0.001292,       0.004
,,,   -0.001288,       0.004
,,,   -0.001284,       0.002
,,,    -0.00128,       0.002
,,,   -0.001276,       0.006
,,,   -0.001272,       0.004
,,,   -0.001268,           0
,,,   -0.001264,       0.006
,,,    -0.00126,       0.004
,,,   -0.001256,       0.006
,,,   -0.001252,       0.006
,,,   -0.001248,       0.004
,,,   -0.001244,       0.002
,,,    -0.00124,       0.002
,,,   -0.001236,       0.006
,,,   -0.001232,       0.002
,,,   -0.001228,        0.01
,,,   -0.001224,       0.004
,,,    -0.00122,       0.006
,,,   -0.001216,        0.01
,,,   -0.001212,       0.008
,,,   -0.001208,       0.006
,,,   -0.001204,       0.002
,,,     -0.0012,       0.006
,,,   -0.001196,       0.008
,,,   -0.001192,       0.002
,,,   -0.001188,       0.008
,,,   -0.001184,       0.004
,,,    -0.00118,       0.004
,,,   -0.001176,       0.006
,,,   -0.001172,           0
,,,   -0.001168,       0.002
,,,   -0.001164,       0.006
,,,    -0.00116,           0
,,,   -0.001156,       0.006
,,,   -0.001152,      -0.002
,,,   -0.001148,       0.002
,,,   -0.001144,        0.01
,,,    -0.00114,        0.01
,,,   -0.001136,       0.002
,,,   -0.001132,           0
,,,   -0.001128,       0.004
,,,   -0.001124,       0.004
,,,    -0.00112,       0.002
,,,   -0.001116,       0.004
,,,   -0.001112,       0.004
,,,   -0.001108,       0.002
,,,   -0.001104,       0.008
,,,     -0.0011,       0.008
,,,   -0.001096,           0
,,,   -0.001092,       0.004
,,,   -0.001088,       0.008
,,,   -0.001084,       0.006
,,,    -0.00108,       0.008
,,,   -0.001076,       0.002
,,,   -0.001072,       0.002
,,,   -0.001068,       0.004
,,,   -0.001064,           0
,,,    -0.00106,       0.004
,,,   -0.001056,       0.006
,,,   -0.001052,       0.002
,,,   -0.001048,       0.002
,,,   -0.001044,       0.004
,,,    -0.00104,       0.002
,,,   -0.001036,           0
,,,   -0.001032,       0.006
,,,   -0.001028,       0.004
,,,   -0.001024,       0.004
,,,    -0.00102,       0.002
,,,   -0.001016,       0.006
,,,   -0.001012,       0.002
,,,   -0.001008,       0.006
,,,   -0.001004,       0.004
,,,-0.000999999997,        0.01
,,,-0.000995999997,       0.012
,,,-0.000991999997,       0.004
,,,-0.000987999998,       0.004
,,,-0.000983999998,       0.006
,,,-0.000979999998,       0.002
,,,-0.000975999998,       0.006
,,,-0.000971999998,       0.002
,,,-0.000967999998,           0
,,,-0.000963999998,       0.006
,,,-0.000959999998,       0.014
,,,-0.000955999998,       0.002
,,,-0.000951999998,       0.004
,,,-0.000947999998,       0.006
,,,-0.000943999998,       0.002
,,,-0.000939999998,       0.006
,,,-0.000935999998,        0.01
,,,-0.000931999998,       0.008
,,,-0.000927999998,       0.004
,,,-0.000923999998,       0.006
,,,-0.000919999998,       0.004
,,,-0.000915999998,       0.004
,,,-0.000911999998,       0.004
,,,-0.000907999998,       0.004
,,,-0.000903999998,       0.006
,,,-0.000899999998,       0.006
,,,-0.000895999998,       0.006
,,,-0.000891999998,       0.004
,,,-0.000887999998,       0.006
,,,-0.000883999998,       0.002
,,,-0.000879999998,       0.006
,,,-0.000875999998,       0.002
,,,-0.000871999998,       0.004
,,,-0.000867999998,       0.008
,,,-0.000863999998,       0.002
,,,-0.000859999998,        0.01
,,,-0.000855999998,       0.004
,,,-0.000851999998,       0.002
,,,-0.000847999998,       0.006
,,,-0.000843999998,      -0.002
,,,-0.000839999998,       0.008
,,,-0.000835999998,       0.008
,,,-0.000831999998,       0.006
,,,-0.000827999998,       0.006
,,,-0.000823999998,       0.006
,,,-0.000819999998,       0.002
,,,-0.000815999998,        0.01
,,,-0.000811999998,           0
,,,-0.000807999998,       0.002
,,,-0.000803999998,       0.006
,,,-0.000799999998,       0.008
,,,-0.000795999998,       0.004
,,,-0.000791999998,       0.006
,,,-0.000787999998,       0.002
,,,-0.000783999998,       0.004
,,,-0.000779999998,       0.012
,,,-0.000775999998,       0.004
,,,-0.000771999998,       0.006
,,,-0.000767999998,        0.01
,,,-0.000763999998,       0.004
,,,-0.000759999998,       0.012
,,,-0.000755999998,       0.008
,,,-0.000751999998,       0.008
,,,-0.000747999998,       0.004
,,,-0.000743999998,       0.006
,,,-0.000739999998,       0.006
,,,-0.000735999998,       0.004
,,,-0.000731999998,       0.006
,,,-0.000727999998,       0.002
,,,-0.000723999998,      -0.006
,,,-0.000719999998,       0.004
,,,-0.000715999998,       0.002
,,,-0.000711999998,       0.002
,,,-0.000707999998,       0.002
,,,-0.000703999998,       0.008
,,,-0.000699999998,       0.006
,,,-0.000695999998,           0
,,,-0.000691999998,       0.008
,,,-0.000687999998,           0
,,,-0.000683999998,       0.008
,,,-0.000679999998,           0
,,,-0.000675999998,       0.004
,,,-0.000671999998,       0.006
,,,-0.000667999998,           0
,,,-0.000663999998,       0.006
,,,-0.000659999998,        0.01
,,,-0.000655999998,       0.004
,,,-0.000651999998,           0
,,,-0.000647999998,       0.002
,,,-0.000643999998,       0.006
,,,-0.000639999998,       0.006
,,,-0.000635999998,      -0.004
,,,-0.000631999998,       0.004
,,,-0.000627999998,       0.006
,,,-0.000623999998,       0.008
,,,-0.000619999998,       0.004
,,,-0.000615999998,       0.002
,,,-0.000611999998,       0.006
,,,-0.000607999998,       0.006
,,,-0.000603999998,       0.006
,,,-0.000599999998,       0.002
,,,-0.000595999998,       0.006
,,,-0.000591999999,      -0.004
,,,-0.000587999999,       0.008
,,,-0.000583999999,       0.002
,,,-0.000579999999,       0.006
,,,-0.000575999999,       0.002
,,,-0.000571999999,       0.004
,,,-0.000567999999,       0.004
,,,-0.000563999999,       0.006
,,,-0.000559999999,       0.006
,,,-0.000555999999,      -0.002
,,,-0.000551999999,       0.006
,,,-0.000547999999,       0.004
,,,-0.000543999999,       0.004
,,,-0.000539999999,       0.006
,,,-0.000535999999,       0.004
,,,-0.000531999999,       0.008
,,,-0.000527999999,       0.006
,,,-0.000523999999,        0.01
,,,-0.000519999999,       0.012
,,,-0.000515999999,       0.004
,,,-0.000511999999,        0.01
,,,-0.000507999999,           0
,,,-0.000503999999,       0.006
,,,-0.000499999999,       0.006
,,,-0.000495999999,           0
,,,-0.000491999999,       0.008
,,,-0.000487999999,       0.002
,,,-0.000483999999,        0.01
,,,-0.000479999999,       0.004
,,,-0.000475999999,       0.008
,,,-0.000471999999,       0.006
,,,-0.000467999999,       0.002
,,,-0.000463999999,        0.01
,,,-0.000459999999,       0.006
,,,-0.000455999999,       0.008
,,,-0.000451999999,       0.004
,,,-0.000447999999,       0.004
,,,-0.000443999999,           0
,,,-0.000439999999,       0.002
,,,-0.000435999999,       0.012
,,,-0.000431999999,        0.01
,,,-0.000427999999,       0.004
,,,-0.000423999999,       0.008
,,,-0.000419999999,       0.002
,,,-0.000415999999,           0
,,,-0.000411999999,       0.004
,,,-0.000407999999,       0.002
,,,-0.000403999999,       0.004
,,,-0.000399999999,        0.01
,,,-0.000395999999,       0.012
,,,-0.000391999999,       0.004
,,,-0.000387999999,       0.004
,,,-0.000383999999,       0.004
,,,-0.000379999999,       0.004
,,,-0.000375999999,       0.006
,,,-0.000371999999,       0.006
,,,-0.000367999999,       0.002
,,,-0.000363999999,       0.008
,,,-0.000359999999,       0.008
,,,-0.000355999999,       0.004
,,,-0.000351999999,      -0.002
,,,-0.000347999999,       0.004
,,,-0.000343999999,       0.006
,,,-0.000339999999,       0.002
,,,-0.000335999999,       0.002
,,,-0.000331999999,           0
,,,-0.000327999999,       0.008
,,,-0.000323999999,       0.004
,,,-0.000319999999,       0.002
,,,-0.000315999999,       0.006
,,,-0.000311999999,       0.004
,,,-0.000307999999,       0.004
,,,-0.000303999999,       0.006
,,,-0.000299999999,           0
,,,-0.000295999999,       0.006
,,,-0.000291999999,       0.002
,,,-0.000287999999,       0.002
,,,-0.000283999999,       0.004
,,,-0.000279999999,       0.006
,,,-0.000275999999,       0.004
,,,-0.000271999999,       0.008
,,,-0.000267999999,       0.006
,,,-0.000263999999,           0
,,,-0.000259999999,       0.002
,,,-0.000255999999,       0.006
,,,-0.000251999999,       0.008
,,,-0.000247999999,       0.002
,,,-0.000243999999,       0.006
,,,-0.000239999999,       0.004
,,,-0.000235999999,       0.006
,,,-0.000231999999,       0.012
,,,-0.000227999999,       0.008
,,,-0.000223999999,       0.008
,,,-0.000219999999,       0.008
,,,-0.000215999999,       0.008
,,,-0.000211999999,       0.008
,,,-0.000207999999,           0
,,,-0.000203999999,       0.002
,,,-0.000199999999,        0.01
,,,   -0.000196,       0.006
,,,   -0.000192,       0.006
,,,   -0.000188,       0.004
,,,   -0.000184,       0.006
,,,    -0.00018,       0.004
,,,   -0.000176,       0.004
,,,   -0.000172,       0.008
,,,   -0.000168,       0.008
,,,   -0.000164,       0.006
,,,    -0.00016,       0.006
,,,   -0.000156,       0.004
,,,   -0.000152,       0.004
,,,   -0.000148,       0.008
,,,   -0.000144,       0.008
,,,    -0.00014,       0.002
,,,   -0.000136,       0.004
,,,   -0.000132,       0.002
,,,   -0.000128,       0.006
,,,   -0.000124,       0.006
,,,    -0.00012,       0.004
,,,   -0.000116,       0.002
,,,   -0.000112,       0.006
,,,   -0.000108,       0.012
,,,   -0.000104,       0.004
,,,-9.99999997e-005,        0.01
,,,-9.59999998e-005,       0.008
,,,-9.19999998e-005,       0.004
,,,-8.79999998e-005,        0.01
,,,-8.39999998e-005,        0.01
,,,-7.99999998e-005,       0.004
,,,-7.59999998e-005,       0.006
,,,-7.19999998e-005,       0.006
,,,-6.79999998e-005,        0.01
,,,-6.39999998e-005,        0.01
,,,-5.99999998e-005,       0.008
,,,-5.59999999e-005,       0.002
,,,-5.19999999e-005,       0.012
,,,-4.79999999e-005,       0.006
,,,-4.39999999e-005,           0
,,,-3.99999999e-005,        0.01
,,,-3.59999999e-005,       0.006
,,,-3.19999999e-005,       0.008
,,,-2.79999999e-005,       0.002
,,,-2.39999999e-005,       0.006
,,,-1.99999999e-005,       0.004
,,,   -1.6e-005,       0.002
,,,   -1.2e-005,       0.004
,,,-7.99999998e-006,       0.012
,,,-3.99999999e-006,       0.002
,,,           0,       0.004
,,,3.99999999e-006,       0.164
,,,7.99999998e-006,        0.16
,,,    1.2e-005,       0.152
,,,    1.6e-005,       0.146
,,,1.99999999e-005,       0.156
,,,2.39999999e-005,       0.152
,,,2.79999999e-005,       0.152
,,,3.19999999e-005,       0.148
,,,3.59999999e-005,       0.148
,,,3.99999999e-005,       0.144
,,,4.39999999e-005,        0.14
,,,4.79999999e-005,        0.14
,,,5.19999999e-005,        0.14
,,,5.59999999e-005,       0.142
,,,5.99999998e-005,       0.136
,,,6.39999998e-005,       0.136
,,,6.79999998e-005,       0.136
,,,7.19999998e-005,        0.13
,,,7.59999998e-005,       0.136
,,,7.99999998e-005,       0.138
,,,8.39999998e-005,       0.132
,,,8.79999998e-005,       0.126
,,,9.19999998e-005,       0.128
,,,9.59999998e-005,       0.126
,,,9.99999997e-005,        0.13
,,,    0.000104,       0.128
,,,    0.000108,       0.124
,,,    0.000112,       0.124
,,,    0.000116,       0.128
,,,     0.00012,       0.124
,,,    0.000124,       0.118
,,,    0.000128,        0.12
,,,    0.000132,       0.122
,,,    0.000136,        0.12
,,,     0.00014,       0.114
,,,    0.000144,        0.12
,,,    0.000148,       0.116
,,,    0.000152,       0.116
,,,    0.000156,       0.114
,,,     0.00016,       0.106
,,,    0.000164,       0.112
,,,    0.000168,        0.11
,,,    0.000172,        0.11
,,,    0.000176,        0.11
,,,     0.00018,       0.112
,,,    0.000184,       0.112
,,,    0.000188,       0.108
,,,    0.000192,       0.112
,,,    0.000196,       0.106
,,,0.000199999999,       0.108
,,,0.000203999999,       0.106
,,,0.000207999999,       0.098
,,,0.000211999999,       0.104
,,,0.000215999999,       0.102
,,,0.000219999999,       0.106
,,,0.000223999999,       0.106
,,,0.000227999999,         0.1
,,,0.000231999999,       0.098
,,,0.000235999999,       0.098
,,,0.000239999999,       0.094
,,,0.000243999999,       0.096
,,,0.000247999999,         0.1
,,,0.000251999999,       0.092
,,,0.000255999999,       0.092
,,,0.000259999999,       0.098
,,,0.000263999999,       0.096
,,,0.000267999999,        0.09
,,,0.000271999999,       0.092
,,,0.000275999999,       0.094
,,,0.000279999999,       0.092
,,,0.000283999999,        0.09
,,,0.000287999999,       0.096
,,,0.000291999999,       0.092
,,,0.000295999999,       0.088
,,,0.000299999999,       0.086
,,,0.000303999999,       0.092
,,,0.000307999999,       0.084
,,,0.000311999999,       0.092
,,,0.000315999999,       0.086
,,,0.000319999999,        0.09
,,,0.000323999999,       0.084
,,,0.000327999999,       0.082
,,,0.000331999999,       0.084
,,,0.000335999999,       0.086
,,,0.000339999999,        0.08
,,,0.000343999999,       0.082
,,,0.000347999999,        0.08
,,,0.000351999999,       0.086
,,,0.000355999999,       0.084
,,,0.000359999999,       0.082
,,,0.000363999999,       0.076
,,,0.000367999999,       0.076
,,,0.000371999999,       0.074
,,,0.000375999999,       0.074
,,,0.000379999999,       0.078
,,,0.000383999999,       0.074
,,,0.000387999999,       0.076
,,,0.000391999999,       0.078
,,,0.000395999999,       0.076
,,,0.000399999999,       0.074
,,,0.000403999999,        0.07
,,,0.000407999999,       0.074
,,,0.000411999999,       0.078
,,,0.000415999999,        0.07
,,,0.000419999999,        0.07
,,,0.000423999999,       0.074
,,,0.000427999999,       0.076
,,,0.000431999999,       0.076
,,,0.000435999999,       0.074
,,,0.000439999999,        0.07
,,,0.000443999999,       0.066
,,,0.000447999999,        0.07
,,,0.000451999999,       0.074
,,,0.000455999999,        0.07
,,,0.000459999999,        0.07
,,,0.000463999999,        0.07
,,,0.000467999999,       0.066
,,,0.000471999999,       0.066
,,,0.000475999999,       0.064
,,,0.000479999999,       0.064
,,,0.000483999999,       0.064
,,,0.000487999999,       0.064
,,,0.000491999999,       0.064
,,,0.000495999999,       0.064
,,,0.000499999999,       0.066
,,,0.000503999999,       0.064
,,,0.000507999999,       0.058
,,,0.000511999999,       0.066
,,,0.000515999999,       0.062
,,,0.000519999999,       0.058
,,,0.000523999999,       0.058
,,,0.000527999999,       0.058
,,,0.000531999999,        0.06
,,,0.000535999999,       0.054
,,,0.000539999999,       0.052
,,,0.000543999999,       0.054
,,,0.000547999999,       0.058
,,,0.000551999999,        0.06
,,,0.000555999999,       0.056
,,,0.000559999999,        0.06
,,,0.000563999999,       0.056
,,,0.000567999999,       0.062
,,,0.000571999999,        0.05
,,,0.000575999999,       0.054
,,,0.000579999999,       0.056
,,,0.000583999999,       0.052
,,,0.000587999999,       0.058
,,,0.000591999999,       0.058
,,,0.000595999998,       0.052
,,,0.000599999998,       0.054
,,,0.000603999998,       0.054
,,,0.000607999998,       0.054
,,,0.000611999998,       0.054
,,,0.000615999998,        0.05
,,,0.000619999998,        0.05
,,,0.000623999998,       0.054
,,,0.000627999998,       0.056
,,,0.000631999998,       0.048
,,,0.000635999998,       0.054
,,,0.000639999998,       0.058
,,,0.000643999998,       0.046
,,,0.000647999998,       0.048
,,,0.000651999998,       0.048
,,,0.000655999998,       0.046
,,,0.000659999998,        0.05
,,,0.000663999998,        0.05
,,,0.000667999998,       0.056
,,,0.000671999998,       0.048
,,,0.000675999998,       0.038
,,,0.000679999998,       0.046
,,,0.000683999998,        0.04
,,,0.000687999998,       0.048
,,,0.000691999998,       0.042
,,,0.000695999998,       0.048
,,,0.000699999998,        0.04
,,,0.000703999998,       0.044
,,,0.000707999998,       0.046
,,,0.000711999998,       0.044
,,,0.000715999998,       0.042
,,,0.000719999998,       0.042
,,,0.000723999998,       0.042
,,,0.000727999998,       0.044
,,,0.000731999998,       0.044
,,,0.000735999998,       0.042
,,,0.000739999998,       0.044
,,,0.000743999998,       0.038
,,,0.000747999998,        0.04
,,,0.000751999998,       0.038
,,,0.000755999998,       0.044
,,,0.000759999998,       0.038
,,,0.000763999998,       0.042
,,,0.000767999998,       0.034
,,,0.000771999998,       0.044
,,,0.000775999998,       0.036
,,,0.000779999998,       0.044
,,,0.000783999998,        0.04
,,,0.000787999998,        0.04
,,,0.000791999998,       0.044
,,,0.000795999998,        0.04
,,,0.000799999998,       0.036
,,,0.000803999998,       0.038
,,,0.000807999998,       0.042
,,,0.000811999998,       0.034
,,,0.000815999998,       0.036
,,,0.000819999998,       0.036
,,,0.000823999998,       0.038
,,,0.000827999998,       0.032
,,,0.000831999998,       0.036
,,,0.000835999998,       0.036
,,,0.000839999998,        0.04
,,,0.000843999998,       0.036
,,,0.000847999998,       0.032
,,,0.000851999998,        0.04
,,,0.000855999998,       0.032
,,,0.000859999998,       0.036
,,,0.000863999998,       0.034
,,,0.000867999998,       0.034
,,,0.000871999998,       0.038
,,,0.000875999998,       0.034
,,,0.000879999998,       0.034
,,,0.000883999998,       0.038
,,,0.000887999998,       0.032
,,,0.000891999998,       0.036
,,,0.000895999998,       0.036
,,,0.000899999998,       0.034
,,,0.000903999998,       0.036
,,,0.000907999998,       0.032
,,,0.000911999998,       0.034
,,,0.000915999998,        0.03
,,,0.000919999998,       0.024
,,,0.000923999998,       0.026
,,,0.000927999998,       0.024
,,,0.000931999998,        0.03
,,,0.000935999998,       0.034
,,,0.000939999998,       0.024
,,,0.000943999998,       0.024
,,,0.000947999998,       0.026
,,,0.000951999998,       0.026
,,,0.000955999998,        0.03
,,,0.000959999998,       0.026
,,,0.000963999998,       0.026
,,,0.000967999998,        0.03
,,,0.000971999998,       0.028
,,,0.000975999998,       0.032
,,,0.000979999998,       0.024
,,,0.000983999998,       0.028
,,,0.000987999998,        0.03
,,,0.000991999997,       0.028
,,,0.000995999997,       0.024
,,,0.000999999997,        0.03
,,,    0.001004,        0.03
,,,    0.001008,       0.026
,,,    0.001012,       0.022
,,,    0.001016,       0.024
,,,     0.00102,       0.022
,,,    0.001024,        0.02
,,,    0.001028,        0.02
,,,    0.001032,        0.03
,,,    0.001036,       0.028
,,,     0.00104,       0.026
,,,    0.001044,       0.024
,,,    0.001048,       0.024
,,,    0.001052,       0.022
,,,    0.001056,       0.022
,,,     0.00106,       0.022
,,,    0.001064,       0.024
,,,    0.001068,       0.024
,,,    0.001072,       0.028
,,,    0.001076,       0.018
,,,     0.00108,       0.028
,,,    0.001084,       0.024
,,,    0.001088,        0.02
,,,    0.001092,       0.016
,,,    0.001096,        0.02
,,,      0.0011,        0.03
,,,    0.001104,       0.024
,,,    0.001108,       0.026
,,,    0.001112,       0.018
,,,    0.001116,        0.02
,,,     0.00112,        0.02
,,,    0.001124,       0.024
,,,    0.001128,       0.016
,,,    0.001132,       0.022
,,,    0.001136,       0.024
,,,     0.00114,       0.022
,,,    0.001144,       0.026
,,,    0.001148,       0.024
,,,    0.001152,        0.02
,,,    0.001156,       0.024
,,,     0.00116,       0.016
,,,    0.001164,        0.02
,,,    0.001168,       0.022
,,,    0.001172,       0.022
,,,    0.001176,       0.018
,,,     0.00118,       0.018
,,,    0.001184,       0.024
,,,    0.001188,        0.02
,,,    0.001192,       0.026
,,,    0.001196,       0.016
,,,      0.0012,        0.02
,,,    0.001204,       0.014
,,,    0.001208,       0.014
,,,    0.001212,       0.022
,,,    0.001216,        0.02
,,,     0.00122,       0.016
,,,    0.001224,       0.022
,,,    0.001228,        0.02
,,,    0.001232,        0.02
,,,    0.001236,        0.02
,,,     0.00124,       0.012
,,,    0.001244,       0.018
,,,    0.001248,       0.018
,,,    0.001252,       0.018
,,,    0.001256,       0.016
,,,     0.00126,       0.018
,,,    0.001264,       0.018
,,,    0.001268,       0.016
,,,    0.001272,       0.018
,,,    0.001276,       0.016
,,,     0.00128,       0.014
,,,    0.001284,       0.022
,,,    0.001288,       0.016
,,,    0.001292,       0.016
,,,    0.001296,       0.016
,,,      0.0013,        0.02
,,,    0.001304,       0.022
,,,    0.001308,       0.014
,,,    0.001312,        0.02
,,,    0.001316,       0.022
,,,     0.00132,        0.02
,,,    0.001324,       0.014
,,,    0.001328,       0.008
,,,    0.001332,       0.016
,,,    0.001336,       0.016
,,,     0.00134,       0.014
,,,    0.001344,       0.014
,,,    0.001348,       0.012
,,,    0.001352,       0.012
,,,    0.001356,       0.018
,,,     0.00136,       0.024
,,,    0.001364,       0.018
,,,    0.001368,       0.018
,,,    0.001372,       0.018
,,,    0.001376,       0.004
,,,     0.00138,       0.006
,,,    0.001384,       0.014
,,,    0.001388,       0.016
,,,    0.001392,       0.012
,,,    0.001396,       0.012
,,,      0.0014,       0.008
,,,    0.001404,        0.01
,,,    0.001408,        0.01
,,,    0.001412,       0.014
,,,    0.001416,       0.014
,,,     0.00142,       0.014
,,,    0.001424,       0.012
,,,    0.001428,       0.016
,,,    0.001432,        0.01
,,,    0.001436,       0.012
,,,     0.00144,        0.01
,,,    0.001444,       0.012
,,,    0.001448,       0.014
,,,    0.001452,       0.014
,,,    0.001456,       0.012
,,,     0.00146,       0.008
,,,    0.001464,       0.012
,,,    0.001468,       0.012
,,,    0.001472,        0.01
,,,    0.001476,        0.01
,,,     0.00148,       0.008
,,,    0.001484,       0.008
,,,    0.001488,        0.01
,,,    0.001492,       0.016
,,,    0.001496,       0.006
,,,      0.0015,       0.008
,,,    0.001504,       0.004
,,,    0.001508,       0.012
,,,    0.001512,       0.008
,,,    0.001516,       0.012
,,,     0.00152,       0.008
,,,    0.001524,       0.002
,,,    0.001528,        0.01
,,,    0.001532,        0.01
,,,    0.001536,        0.01
,,,     0.00154,       0.016
,,,    0.001544,       0.012
,,,    0.001548,       0.006
,,,    0.001552,       0.008
,,,    0.001556,       0.006
,,,     0.00156,       0.006
,,,    0.001564,        0.01
,,,    0.001568,       0.014
,,,    0.001572,       0.014
,,,    0.001576,       0.004
,,,     0.00158,       0.008
,,,    0.001584,       0.008
,,,    0.001588,       0.008
,,,    0.001592,        0.01
,,,    0.001596,       0.008
,,,      0.0016,        0.01
,,,    0.001604,       0.006
,,,    0.001608,       0.002
,,,    0.001612,       0.008
,,,    0.001616,       0.002
,,,     0.00162,       0.008
,,,    0.001624,       0.012
,,,    0.001628,       0.014
,,,    0.001632,       0.012
,,,    0.001636,       0.008
,,,     0.00164,       0.008
,,,    0.001644,       0.006
,,,    0.001648,       0.012
,,,    0.001652,       0.012
,,,    0.001656,       0.012
,,,     0.00166,       0.006
,,,    0.001664,       0.012
,,,    0.001668,       0.006
,,,    0.001672,       0.006
,,,    0.001676,       0.012
,,,     0.00168,       0.002
,,,    0.001684,       0.006
,,,    0.001688,       0.008
,,,    0.001692,        0.01
,,,    0.001696,       0.008
,,,      0.0017,        0.01
,,,    0.001704,        0.01
,,,    0.001708,        0.01
,,,    0.001712,       0.008
,,,    0.001716,       0.004
,,,     0.00172,       0.008
,,,    0.001724,       0.006
,,,    0.001728,       0.008
,,,    0.001732,       0.008
,,,    0.001736,       0.004
,,,     0.00174,       0.004
,,,    0.001744,       0.008
,,,    0.001748,       0.016
,,,    0.001752,       0.012
,,,    0.001756,        0.01
,,,     0.00176,       0.006
,,,    0.001764,        0.01
,,,    0.001768,       0.006
,,,    0.001772,        0.01
,,,    0.001776,       0.012
,,,     0.00178,       0.004
,,,    0.001784,       0.006
,,,    0.001788,       0.006
,,,    0.001792,       0.004
,,,    0.001796,       0.006
,,,      0.0018,           0
,,,    0.001804,       0.006
,,,    0.001808,       0.012
,,,    0.001812,       0.008
,,,    0.001816,       0.004
,,,     0.00182,       0.006
,,,    0.001824,       0.008
,,,    0.001828,       0.012
,,,    0.001832,       0.008
,,,    0.001836,       0.002
,,,     0.00184,       0.006
,,,    0.001844,       0.002
,,,    0.001848,       0.002
,,,    0.001852,        0.01
,,,    0.001856,        0.01
,,,     0.00186,       0.006
,,,    0.001864,        0.01
,,,    0.001868,       0.002
,,,    0.001872,       0.006
,,,    0.001876,      -0.002
,,,     0.00188,       0.006
,,,    0.001884,       0.004
,,,    0.001888,       0.004
,,,    0.001892,      -0.002
,,,    0.001896,       0.004
,,,      0.0019,       0.006
,,,    0.001904,       0.004
,,,    0.001908,       0.006
,,,    0.001912,        0.01
,,,    0.001916,       0.002
,,,     0.00192,       0.008
,,,    0.001924,       0.006
,,,    0.001928,       0.008
,,,    0.001932,       0.006
,,,    0.001936,       0.004
,,,     0.00194,       0.006
,,,    0.001944,           0
,,,    0.001948,        0.01
,,,    0.001952,       0.002
,,,    0.001956,       0.006
,,,     0.00196,       0.006
,,,    0.001964,       0.008
,,,    0.001968,       0.002
,,,    0.001972,       0.002
,,,    0.001976,           0
,,,     0.00198,       0.004
,,,0.00198399999,       0.002
,,,0.00198799999,       0.008
,,,0.00199199999,       0.004
,,,0.00199599999,       0.004
,,,0.00199999999,       0.002
,,,0.00200399999,       0.004
,,,0.00200799999,       0.002
,,,0.00201199999,       0.004
,,,0.00201599999,       0.006
,,,0.00201999999,       0.004
,,,0.00202399999,       0.008
,,,0.00202799999,           0
,,,0.00203199999,       0.002
,,,0.00203599999,       0.002
,,,0.00203999999,       0.004
,,,0.00204399999,       0.008
,,,0.00204799999,       0.004
,,,0.00205199999,           0
,,,0.00205599999,       0.006
,,,0.00205999999,           0
,,,0.00206399999,       0.002
,,,0.00206799999,       0.002
,,,0.00207199999,        0.01
,,,0.00207599999,       0.006
,,,0.00207999999,       0.006
,,,0.00208399999,       0.008
,,,0.00208799999,        0.01
,,,0.00209199999,       0.008
,,,0.00209599999,       0.016
,,,0.00209999999,           0
,,,0.00210399999,       0.004
,,,0.00210799999,       0.012
,,,0.00211199999,       0.004
,,,0.00211599999,       0.004
,,,0.00211999999,       0.004
,,,0.00212399999,       0.006
,,,0.00212799999,       0.008
,,,0.00213199999,       0.002
,,,0.00213599999,       0.002
,,,0.00213999999,       0.004
,,,0.00214399999,       0.004
,,,0.00214799999,       0.004
,,,0.00215199999,       0.004
,,,0.00215599999,       0.002
,,,0.00215999999,           0
,,,0.00216399999,       0.002
,,,0.00216799999,       0.004
,,,0.00217199999,           0
,,,0.00217599999,       0.008
,,,0.00217999999,       0.002
,,,0.00218399999,      -0.002
,,,0.00218799999,        0.01
,,,0.00219199999,       0.004
,,,0.00219599999,       0.008
,,,0.00219999999,      -0.002
,,,0.00220399999,       0.004
,,,0.00220799999,      -0.002
,,,0.00221199999,           0
,,,0.00221599999,       0.006
,,,0.00221999999,      -0.002
,,,0.00222399999,       0.008
,,,0.00222799999,       0.004
,,,0.00223199999,       0.004
,,,0.00223599999,       0.004
,,,0.00223999999,      -0.002
,,,0.00224399999,       0.006
,,,0.00224799999,       0.004
,,,0.00225199999,       0.004
,,,0.00225599999,       0.002
,,,0.00225999999,       0.002
,,,0.00226399999,       0.006
,,,0.00226799999,       0.002
,,,0.00227199999,       0.008
,,,0.00227599999,       0.008
,,,0.00227999999,           0
,,,0.00228399999,       0.002
,,,0.00228799999,       0.004
,,,0.00229199999,       0.006
,,,0.00229599999,       0.008
,,,0.00229999999,        0.01
,,,0.00230399999,           0
,,,0.00230799999,       0.002
,,,0.00231199999,       0.004
,,,0.00231599999,       0.002
,,,0.00231999999,           0
,,,0.00232399999,           0
,,,0.00232799999,       0.002
,,,0.00233199999,       0.004
,,,0.00233599999,           0
,,,0.00233999999,      -0.002
,,,0.00234399999,       0.006
,,,0.00234799999,       0.006
,,,0.00235199999,       0.002
,,,0.00235599999,      -0.002
,,,0.00235999999,       0.002
,,,0.00236399999,       0.002
,,,0.00236799999,           0
,,,0.00237199999,       0.006
,,,0.00237599999,       0.006
,,,0.00237999999,       0.004
,,,0.00238399999,           0
,,,0.00238799999,      -0.002
,,,0.00239199999,       0.002
,,,0.00239599999,       0.008
,,,0.00239999999,       0.004
,,,0.00240399999,      -0.002
,,,0.00240799999,           0
,,,0.00241199999,       0.004
,,,0.00241599999,       0.002
,,,0.00241999999,      -0.002
,,,0.00242399999,       0.002
,,,0.00242799999,           0
,,,0.00243199999,           0
,,,0.00243599999,       0.004
,,,0.00243999999,       0.002
,,,0.00244399999,       0.002
,,,0.00244799999,       0.004
,,,0.00245199999,           0
,,,0.00245599999,       0.004
,,,0.00245999999,       0.006
,,,0.00246399999,      -0.002
,,,0.00246799999,           0
,,,0.00247199999,       0.002
,,,0.00247599999,       0.002
,,,0.00247999999,           0
,,,0.00248399999,      -0.002
,,,0.00248799999,      -0.004
,,,0.00249199999,           0
,,,0.00249599999,      -0.004
,,,0.00249999999,           0
,,,0.00250399999,           0
,,,0.00250799999,      -0.002
,,,0.00251199999,           0
,,,0.00251599999,       0.002
,,,0.00251999999,       0.002
,,,0.00252399999,           0
,,,0.00252799999,       0.002
,,,0.00253199999,           0
,,,0.00253599999,       0.002
,,,0.00253999999,      -0.002
,,,0.00254399999,       0.004
,,,0.00254799999,       0.004
,,,0.00255199999,      -0.002
,,,0.00255599999,      -0.002
,,,0.00255999999,      -0.006
,,,0.00256399999,      -0.002
,,,0.00256799999,      -0.004
,,,0.00257199999,       0.004
,,,0.00257599999,       0.002
,,,0.00257999999,       0.002
,,,0.00258399999,       0.002
,,,0.00258799999,           0
,,,0.00259199999,       0.004
,,,0.00259599999,      -0.004
,,,0.00259999999,      -0.004
,,,0.00260399999,      -0.004
,,,0.00260799999,       -0.01
,,,0.00261199999,      -0.006
,,,0.00261599999,       0.002
,,,0.00261999999,           0
,,,0.00262399999,       0.002
,,,0.00262799999,           0
,,,0.00263199999,      -0.004
,,,0.00263599999,       0.002
,,,0.00263999999,           0
,,,0.00264399999,      -0.006
,,,0.00264799999,       0.004
,,,0.00265199999,       0.006
,,,0.00265599999,           0
,,,0.00265999999,      -0.004
,,,0.00266399999,           0
,,,0.00266799999,           0
,,,0.00267199999,           0
,,,0.00267599999,           0
,,,0.00267999999,       0.004
,,,0.00268399999,       0.006
,,,0.00268799999,           0
,,,0.00269199999,      -0.004
,,,0.00269599999,      -0.004
,,,0.00269999999,      -0.004
,,,0.00270399999,           0
,,,0.00270799999,       0.002
,,,0.00271199999,      -0.002
,,,0.00271599999,       0.002
,,,0.00271999999,       0.002
,,,0.00272399999,      -0.006
,,,0.00272799999,           0
,,,0.00273199999,       0.004
,,,0.00273599999,           0
,,,0.00273999999,           0
,,,0.00274399999,       0.002
,,,0.00274799999,      -0.004
,,,0.00275199999,           0
,,,0.00275599999,      -0.002
,,,0.00275999999,      -0.002
,,,0.00276399999,           0
,,,0.00276799999,      -0.002
,,,0.00277199999,           0
,,,0.00277599999,      -0.002
,,,0.00277999999,      -0.002
,,,0.00278399999,      -0.004
,,,0.00278799999,      -0.004
,,,0.00279199999,       0.002
,,,0.00279599999,           0
,,,0.00279999999,       0.004
,,,0.00280399999,      -0.002
,,,0.00280799999,      -0.002
,,,0.00281199999,           0
,,,0.00281599999,      -0.004
,,,0.00281999999,       0.002
,,,0.00282399999,       0.004
,,,0.00282799999,      -0.008
,,,0.00283199999,      -0.002
,,,0.00283599999,           0
,,,0.00283999999,      -0.002
,,,0.00284399999,       0.004
,,,0.00284799999,       0.006
,,,0.00285199999,           0
,,,0.00285599999,      -0.002
,,,0.00285999999,      -0.004
,,,0.00286399999,           0
,,,0.00286799999,      -0.004
,,,0.00287199999,      -0.002
,,,0.00287599999,      -0.006
,,,0.00287999999,           0
,,,0.00288399999,       0.004
,,,0.00288799999,           0
,,,0.00289199999,      -0.006
,,,0.00289599999,      -0.002
,,,0.00289999999,      -0.004
,,,0.00290399999,           0
,,,0.00290799999,      -0.002
,,,0.00291199999,           0
,,,0.00291599999,           0
,,,0.00291999999,      -0.002
,,,0.00292399999,           0
,,,0.00292799999,           0
,,,0.00293199999,      -0.004
,,,0.00293599999,       0.004
,,,0.00293999999,           0
,,,0.00294399999,      -0.006
,,,0.00294799999,      -0.002
,,,0.00295199999,      -0.006
,,,0.00295599999,      -0.006
,,,0.00295999999,      -0.004
,,,0.00296399999,      -0.006
,,,0.00296799999,       0.002
,,,0.00297199999,      -0.006
,,,0.00297599999,           0
,,,0.00297999999,       0.006
,,,0.00298399999,      -0.002
,,,0.00298799999,           0
,,,0.00299199999,       0.002
,,,0.00299599999,      -0.002
,,,0.00299999999,      -0.008
,,,0.00300399999,           0
,,,0.00300799999,      -0.002
,,,0.00301199999,           0
,,,0.00301599999,      -0.002
,,,0.00301999999,      -0.006
,,,0.00302399999,      -0.004
,,,0.00302799999,      -0.004
,,,0.00303199999,           0
,,,0.00303599999,      -0.002
,,,0.00303999999,           0
,,,0.00304399999,      -0.008
,,,0.00304799999,       0.002
,,,0.00305199999,           0
,,,0.00305599999,      -0.002
,,,0.00305999999,       0.002
,,,0.00306399999,           0
,,,0.00306799999,           0
,,,0.00307199999,      -0.002
,,,0.00307599999,      -0.002
,,,0.00307999999,           0
,,,0.00308399999,      -0.004
,,,0.00308799999,      -0.002
,,,0.00309199999,      -0.002
,,,0.00309599999,       0.002
,,,0.00309999999,       0.002
,,,0.00310399999,           0
,,,0.00310799999,       0.002
,,,0.00311199999,           0
,,,0.00311599999,           0
,,,0.00311999999,      -0.002
,,,0.00312399999,       0.004
,,,0.00312799999,           0
,,,0.00313199999,      -0.004
,,,0.00313599999,       0.004
,,,0.00313999999,       0.004
,,,0.00314399999,       0.004
,,,0.00314799999,           0
,,,0.00315199999,      -0.008
,,,0.00315599999,           0
,,,0.00315999999,      -0.006
,,,0.00316399999,      -0.004
,,,0.00316799999,           0
,,,0.00317199999,           0
,,,0.00317599999,      -0.006
,,,0.00317999999,           0
,,,0.00318399999,      -0.004
,,,0.00318799999,      -0.002
,,,0.00319199999,       -0.01
,,,0.00319599999,      -0.004
,,,0.00319999999,      -0.002
,,,0.00320399999,      -0.006
,,,0.00320799999,           0
,,,0.00321199999,           0
,,,0.00321599999,       0.004
,,,0.00321999999,      -0.002
,,,0.00322399999,      -0.004
,,,0.00322799999,       0.002
,,,0.00323199999,      -0.004
,,,0.00323599999,      -0.004
,,,0.00323999999,       0.002
,,,0.00324399999,      -0.002
,,,0.00324799999,       0.002
,,,0.00325199999,      -0.002
,,,0.00325599999,       0.002
,,,0.00325999999,      -0.004
,,,0.00326399999,       0.002
,,,0.00326799999,      -0.002
,,,0.00327199999,       0.002
,,,0.00327599999,      -0.002
,,,0.00327999999,       0.002
,,,0.00328399999,      -0.002
,,,0.00328799999,      -0.008
,,,0.00329199999,           0
,,,0.00329599999,      -0.006
,,,0.00329999999,      -0.002
,,,0.00330399999,       0.002
,,,0.00330799999,      -0.002
,,,0.00331199999,      -0.002
,,,0.00331599999,       0.002
,,,0.00331999999,       -0.01
,,,0.00332399999,           0
,,,0.00332799999,      -0.002
,,,0.00333199999,       0.002
,,,0.00333599999,       0.004
,,,0.00333999999,           0
,,,0.00334399999,      -0.002
,,,0.00334799999,      -0.002
,,,0.00335199999,      -0.002
,,,0.00335599999,      -0.002
,,,0.00335999999,           0
,,,0.00336399999,      -0.004
,,,0.00336799999,           0
,,,0.00337199999,           0
,,,0.00337599999,      -0.002
,,,0.00337999999,           0
,,,0.00338399999,      -0.002
,,,0.00338799999,      -0.004
,,,0.00339199999,       0.002
,,,0.00339599999,       0.004
,,,0.00339999999,       0.002
,,,0.00340399999,       0.004
,,,0.00340799999,      -0.004
,,,0.00341199999,       0.002
,,,0.00341599999,      -0.002
,,,0.00341999999,           0
,,,0.00342399999,           0
,,,0.00342799999,       0.002
,,,0.00343199999,       0.002
,,,0.00343599999,       -0.01
,,,0.00343999999,           0
,,,0.00344399999,       0.002
,,,0.00344799999,       0.002
,,,0.00345199999,           0
,,,0.00345599999,           0
,,,0.00345999999,       0.004
,,,0.00346399999,      -0.002
,,,0.00346799999,       0.002
,,,0.00347199999,      -0.002
,,,0.00347599999,           0
,,,0.00347999999,      -0.002
,,,0.00348399999,      -0.002
,,,0.00348799999,      -0.004
,,,0.00349199999,       0.002
,,,0.00349599999,       0.004
,,,0.00349999999,      -0.002
,,,0.00350399999,      -0.002
,,,0.00350799999,      -0.002
,,,0.00351199999,      -0.004
,,,0.00351599999,       0.002
,,,0.00351999999,       0.002
,,,0.00352399999,      -0.002
,,,0.00352799999,       0.002
,,,0.00353199999,       0.002
,,,0.00353599999,      -0.002
,,,0.00353999999,           0
,,,0.00354399999,      -0.004
,,,0.00354799999,       0.002
,,,0.00355199999,       0.002
,,,0.00355599999,       0.004
,,,0.00355999999,      -0.004
,,,0.00356399999,      -0.004
,,,0.00356799999,           0
,,,0.00357199999,      -0.002
,,,0.00357599999,      -0.006
,,,0.00357999999,      -0.002
,,,0.00358399999,      -0.002
,,,0.00358799999,      -0.002
,,,0.00359199999,      -0.004
,,,0.00359599999,      -0.002
,,,0.00359999999,      -0.006
,,,0.00360399999,           0
,,,0.00360799999,           0
,,,0.00361199999,      -0.004
,,,0.00361599999,      -0.004
,,,0.00361999999,      -0.006
,,,0.00362399999,      -0.004
,,,0.00362799999,      -0.004
,,,0.00363199999,      -0.002
,,,0.00363599999,           0
,,,0.00363999999,      -0.004
,,,0.00364399999,       0.002
,,,0.00364799999,      -0.002
,,,0.00365199999,      -0.002
,,,0.00365599999,      -0.002
,,,0.00365999999,      -0.004
,,,0.00366399999,      -0.004
,,,0.00366799999,      -0.002
,,,0.00367199999,      -0.002
,,,0.00367599999,      -0.002
,,,0.00367999999,      -0.004
,,,0.00368399999,      -0.006
,,,0.00368799999,      -0.002
,,,0.00369199999,      -0.002
,,,0.00369599999,      -0.002
,,,0.00369999999,      -0.004
,,,0.00370399999,      -0.002
,,,0.00370799999,      -0.004
,,,0.00371199999,           0
,,,0.00371599999,      -0.002
,,,0.00371999999,       0.004
,,,0.00372399999,           0
,,,0.00372799999,      -0.002
,,,0.00373199999,      -0.004
,,,0.00373599999,           0
,,,0.00373999999,      -0.004
,,,0.00374399999,           0
,,,0.00374799999,      -0.002
,,,0.00375199999,           0
,,,0.00375599999,      -0.006
,,,0.00375999999,           0
,,,0.00376399999,           0
,,,0.00376799999,      -0.008
,,,0.00377199999,       0.002
,,,0.00377599999,           0
,,,0.00377999999,      -0.002
,,,0.00378399999,      -0.004
,,,0.00378799999,           0
,,,0.00379199999,      -0.004
,,,0.00379599999,       0.002
,,,0.00379999999,      -0.002
,,,0.00380399999,      -0.006
,,,0.00380799999,      -0.002
,,,0.00381199999,       0.004
,,,0.00381599999,      -0.002
,,,0.00381999999,           0
,,,0.00382399999,      -0.002
,,,0.00382799999,      -0.006
,,,0.00383199999,       0.002
,,,0.00383599999,       0.002
,,,0.00383999999,      -0.004
,,,0.00384399999,           0
,,,0.00384799999,      -0.002
,,,0.00385199999,      -0.004
,,,0.00385599999,           0
,,,0.00385999999,           0
,,,0.00386399999,      -0.008
,,,0.00386799999,      -0.002
,,,0.00387199999,      -0.002
,,,0.00387599999,           0
,,,0.00387999999,      -0.008
,,,0.00388399999,      -0.006
,,,0.00388799999,      -0.008
,,,0.00389199999,           0
,,,0.00389599999,      -0.002
,,,0.00389999999,           0
,,,0.00390399999,      -0.002
,,,0.00390799999,           0
,,,0.00391199999,      -0.002
,,,0.00391599999,      -0.002
,,,0.00391999999,      -0.004
,,,0.00392399999,      -0.004
,,,0.00392799999,      -0.002
,,,0.00393199999,      -0.006
,,,0.00393599999,       0.002
,,,0.00393999999,       0.002
,,,0.00394399999,       0.002
,,,0.00394799999,           0
,,,0.00395199999,      -0.002
,,,0.00395599999,      -0.004
,,,0.00395999999,      -0.002
,,,0.00396399999,      -0.002
,,,0.00396799999,      -0.002
,,,0.00397199999,      -0.002
,,,0.00397599999,           0
,,,0.00397999999,       0.002
,,,0.00398399999,           0
,,,0.00398799999,           0
,,,0.00399199999,      -0.004
,,,0.00399599999,      -0.002
,,,0.00399999999,      -0.002
,,,0.00400399999,      -0.006
,,,0.00400799999,      -0.002
,,,0.00401199999,       0.006
,,,0.00401599999,      -0.002
,,,0.00401999999,      -0.004
,,,0.00402399999,           0
,,,0.00402799999,      -0.006
,,,0.00403199999,      -0.006
,,,0.00403599999,      -0.004
,,,0.00403999999,           0
,,,0.00404399999,      -0.002
,,,0.00404799999,      -0.004
,,,0.00405199999,      -0.006
,,,0.00405599999,      -0.002
,,,0.00405999999,      -0.002
,,,0.00406399999,           0
,,,0.00406799999,      -0.006
,,,0.00407199999,      -0.006
,,,0.00407599999,      -0.002
,,,0.00407999999,      -0.002
,,,0.00408399999,      -0.004
,,,0.00408799999,      -0.004
,,,0.00409199999,       0.002
,,,0.00409599999,      -0.002
,,,0.00409999999,           0
,,,0.00410399999,      -0.004
,,,0.00410799999,           0
,,,0.00411199999,      -0.004
,,,0.00411599999,      -0.002
,,,0.00411999999,       0.002
,,,0.00412399999,       0.002
,,,0.00412799999,           0
,,,0.00413199999,      -0.004
,,,0.00413599999,      -0.004
,,,0.00413999999,       0.002
,,,0.00414399999,           0
,,,0.00414799999,      -0.002
,,,0.00415199999,      -0.006
,,,0.00415599999,      -0.004
,,,0.00415999999,       0.006
,,,0.00416399999,           0
,,,0.00416799999,      -0.004
,,,0.00417199999,      -0.004
,,,0.00417599999,           0
,,,0.00417999999,      -0.006
,,,0.00418399999,       0.002
,,,0.00418799999,       0.002
,,,0.00419199999,      -0.004
,,,0.00419599999,           0
,,,0.00419999999,      -0.002
,,,0.00420399999,      -0.002
,,,0.00420799999,      -0.004
,,,0.00421199999,      -0.004
,,,0.00421599999,      -0.006
,,,0.00421999999,      -0.006
,,,0.00422399999,      -0.006
,,,0.00422799999,       0.002
,,,0.00423199999,           0
,,,0.00423599999,      -0.002
,,,0.00423999999,      -0.002
,,,0.00424399999,      -0.004
,,,0.00424799999,      -0.006
,,,0.00425199999,           0
,,,0.00425599999,      -0.004
,,,0.00425999999,      -0.004
,,,0.00426399999,      -0.002
,,,0.00426799999,           0
,,,0.00427199999,      -0.008
,,,0.00427599999,      -0.002
,,,0.00427999999,      -0.004
,,,0.00428399999,      -0.002
,,,0.00428799999,      -0.002
,,,0.00429199999,           0
,,,0.00429599999,       0.002
,,,0.00429999999,      -0.004
,,,0.00430399999,      -0.004
,,,0.00430799999,           0
,,,0.00431199999,      -0.008
,,,0.00431599999,      -0.004
,,,0.00431999999,           0
,,,0.00432399999,      -0.004
,,,0.00432799999,       0.002
,,,0.00433199999,           0
,,,0.00433599999,           0
,,,0.00433999999,           0
,,,0.00434399999,           0
,,,0.00434799999,       0.002
,,,0.00435199999,      -0.008
,,,0.00435599999,      -0.002
,,,0.00435999999,           0
,,,0.00436399999,      -0.008
,,,0.00436799999,      -0.002
,,,0.00437199999,      -0.006
,,,0.00437599999,      -0.006
,,,0.00437999999,      -0.004
,,,0.00438399999,      -0.004
,,,0.00438799999,      -0.006
,,,0.00439199999,      -0.002
,,,0.00439599999,      -0.002
,,,0.00439999999,      -0.004
,,,0.00440399999,      -0.004
,,,0.00440799999,      -0.002
,,,0.00441199999,           0
,,,0.00441599999,      -0.002
,,,0.00441999999,      -0.004
,,,0.00442399999,       -0.01
,,,0.00442799999,      -0.004
,,,0.00443199999,      -0.002
,,,0.00443599999,       0.002
,,,0.00443999999,      -0.002
,,,0.00444399999,       0.002
,,,0.00444799999,      -0.002
,,,0.00445199999,           0
,,,0.00445599999,      -0.002
,,,0.00445999999,       0.004
,,,0.00446399999,      -0.004
,,,0.00446799999,       0.002
,,,0.00447199999,      -0.002
,,,0.00447599999,      -0.002
,,,0.00447999999,      -0.002
,,,0.00448399999,       0.002
,,,0.00448799999,      -0.006
,,,0.00449199999,      -0.004
,,,0.00449599999,      -0.004
,,,0.00449999999,      -0.002
,,,0.00450399999,           0
,,,0.00450799999,      -0.002
,,,0.00451199999,      -0.002
,,,0.00451599999,      -0.006
,,,0.00451999999,       0.002
,,,0.00452399999,           0
,,,0.00452799999,      -0.006
,,,0.00453199999,      -0.004
,,,0.00453599999,      -0.006
,,,0.00453999999,      -0.006
,,,0.00454399999,      -0.004
,,,0.00454799999,           0
,,,0.00455199999,      -0.002
,,,0.00455599999,      -0.002
,,,0.00455999999,           0
,,,0.00456399999,      -0.002
,,,0.00456799999,      -0.004
,,,0.00457199999,           0
,,,0.00457599999,      -0.002
,,,0.00457999999,      -0.002
,,,0.00458399999,           0
,,,0.00458799999,      -0.002
,,,0.00459199999,      -0.004
,,,0.00459599999,      -0.004
,,,0.00459999999,      -0.002
,,,0.00460399999,      -0.002
,,,0.00460799999,      -0.002
,,,0.00461199999,      -0.002
,,,0.00461599999,      -0.002
,,,0.00461999999,      -0.002
,,,0.00462399999,      -0.006
,,,0.00462799999,       0.002
,,,0.00463199999,      -0.004
,,,0.00463599999,      -0.002
,,,0.00463999999,      -0.008
,,,0.00464399999,           0
,,,0.00464799999,      -0.006
,,,0.00465199999,      -0.004
,,,0.00465599999,      -0.002
,,,0.00465999999,      -0.002
,,,0.00466399999,           0
,,,0.00466799999,           0
,,,0.00467199999,      -0.006
,,,0.00467599999,      -0.004
,,,0.00467999999,      -0.002
,,,0.00468399999,      -0.006
,,,0.00468799999,      -0.004
,,,0.00469199999,      -0.008
,,,0.00469599999,      -0.004
,,,0.00469999999,           0
,,,0.00470399999,           0
,,,0.00470799999,           0
,,,0.00471199999,       0.002
,,,0.00471599999,      -0.004
,,,0.00471999999,           0
,,,0.00472399999,      -0.004
,,,0.00472799999,      -0.006
,,,0.00473199999,           0
,,,0.00473599999,      -0.008
,,,0.00473999999,      -0.006
,,,0.00474399999,           0
,,,0.00474799999,      -0.008
,,,0.00475199999,      -0.004
,,,0.00475599999,           0
,,,0.00475999999,      -0.002
,,,0.00476399999,      -0.008
,,,0.00476799999,      -0.004
,,,0.00477199999,      -0.004
,,,0.00477599999,      -0.002
,,,0.00477999999,      -0.006
,,,0.00478399999,       0.002
,,,0.00478799999,      -0.008
,,,0.00479199999,      -0.004
,,,0.00479599999,      -0.002
,,,0.00479999999,      -0.008
,,,0.00480399999,      -0.008
,,,0.00480799999,       -0.01
,,,0.00481199999,       0.002
,,,0.00481599999,      -0.006
,,,0.00481999999,      -0.006
,,,0.00482399999,      -0.008
,,,0.00482799999,      -0.006
,,,0.00483199999,      -0.006
,,,0.00483599999,      -0.008
,,,0.00483999999,           0
,,,0.00484399999,       0.006
,,,0.00484799999,      -0.002
,,,0.00485199999,      -0.002
,,,0.00485599999,      -0.006
,,,0.00485999999,      -0.006
,,,0.00486399999,      -0.008
,,,0.00486799999,      -0.006
,,,0.00487199999,      -0.002
,,,0.00487599999,      -0.006
,,,0.00487999999,      -0.002
,,,0.00488399999,      -0.002
,,,0.00488799999,      -0.002
,,,0.00489199999,      -0.004
,,,0.00489599999,      -0.004
,,,0.00489999999,      -0.004
,,,0.00490399999,           0
,,,0.00490799999,      -0.002
,,,0.00491199999,      -0.002
,,,0.00491599999,       0.002
,,,0.00491999999,       0.004
,,,0.00492399999,           0
,,,0.00492799999,      -0.002
,,,0.00493199999,       0.006
,,,0.00493599999,      -0.002
,,,0.00493999999,      -0.004
,,,0.00494399999,      -0.004
,,,0.00494799999,           0
,,,0.00495199999,      -0.004
,,,0.00495599999,      -0.002
,,,0.00495999999,       0.004
,,,0.00496399999,           0
,,,0.00496799999,      -0.004
,,,0.00497199999,           0
,,,0.00497599999,           0
,,,0.00497999999,       0.002
,,,0.00498399999,           0
,,,0.00498799999,      -0.002
,,,0.00499199999,      -0.004
,,,0.00499599999,      -0.002
,,,0.00499999999,      -0.158
,,,0.00500399999,       -0.15
,,,0.00500799999,       -0.15
,,,0.00501199999,       -0.15
,,,0.00501599999,      -0.146
,,,0.00501999999,      -0.142
,,,0.00502399999,      -0.142
,,,0.00502799999,      -0.142
,,,0.00503199999,      -0.142
,,,0.00503599999,       -0.14
,,,0.00503999999,      -0.142
,,,0.00504399999,       -0.14
,,,0.00504799999,      -0.136
,,,0.00505199999,      -0.136
,,,0.00505599999,      -0.136
,,,0.00505999999,      -0.132
,,,0.00506399999,      -0.134
,,,0.00506799999,      -0.132
,,,0.00507199999,      -0.128
,,,0.00507599999,      -0.128
,,,0.00507999999,       -0.13
,,,0.00508399999,      -0.126
,,,0.00508799999,      -0.124
,,,0.00509199999,      -0.128
,,,0.00509599999,      -0.122
,,,0.00509999999,      -0.122
,,,0.00510399999,      -0.122
,,,0.00510799999,      -0.122
,,,0.00511199999,      -0.118
,,,0.00511599999,       -0.12
,,,0.00511999999,      -0.118
,,,0.00512399999,       -0.12
,,,0.00512799999,      -0.118
,,,0.00513199999,      -0.118
,,,0.00513599999,      -0.114
,,,0.00513999999,      -0.116
,,,0.00514399999,       -0.11
,,,0.00514799999,      -0.108
,,,0.00515199999,      -0.114
,,,0.00515599999,      -0.112
,,,0.00515999999,      -0.106
,,,0.00516399999,      -0.112
,,,0.00516799999,      -0.106
,,,0.00517199999,      -0.104
,,,0.00517599999,       -0.11
,,,0.00517999999,       -0.11
,,,0.00518399999,      -0.106
,,,0.00518799999,      -0.104
,,,0.00519199999,        -0.1
,,,0.00519599999,        -0.1
,,,0.00519999999,      -0.102
,,,0.00520399999,      -0.108
,,,0.00520799999,      -0.104
,,,0.00521199999,      -0.098
,,,0.00521599999,        -0.1
,,,0.00521999999,      -0.098
,,,0.00522399999,      -0.098
,,,0.00522799999,        -0.1
,,,0.00523199999,      -0.096
,,,0.00523599999,      -0.096
,,,0.00523999999,      -0.098
,,,0.00524399999,      -0.096
,,,0.00524799999,      -0.102
,,,0.00525199999,      -0.096
,,,0.00525599999,      -0.094
,,,0.00525999999,       -0.09
,,,0.00526399999,      -0.092
,,,0.00526799999,      -0.088
,,,0.00527199999,      -0.094
,,,0.00527599999,      -0.098
,,,0.00527999999,      -0.094
,,,0.00528399999,       -0.09
,,,0.00528799999,      -0.088
,,,0.00529199999,      -0.088
,,,0.00529599999,      -0.084
,,,0.00529999999,      -0.084
,,,0.00530399999,      -0.088
,,,0.00530799999,      -0.092
,,,0.00531199999,      -0.082
,,,0.00531599999,      -0.082
,,,0.00531999999,       -0.09
,,,0.00532399999,      -0.086
,,,0.00532799999,      -0.086
,,,0.00533199999,      -0.084
,,,0.00533599999,      -0.084
,,,0.00533999999,      -0.086
,,,0.00534399999,       -0.08
,,,0.00534799999,      -0.082
,,,0.00535199999,      -0.084
,,,0.00535599999,       -0.08
,,,0.00535999999,      -0.076
,,,0.00536399999,      -0.076
,,,0.00536799999,      -0.074
,,,0.00537199999,      -0.074
,,,0.00537599999,      -0.074
,,,0.00537999999,      -0.074
,,,0.00538399999,      -0.076
,,,0.00538799999,      -0.072
,,,0.00539199999,      -0.076
,,,0.00539599999,      -0.068
,,,0.00539999999,      -0.072
,,,0.00540399999,      -0.076
,,,0.00540799999,      -0.074
,,,0.00541199999,      -0.074
,,,0.00541599999,      -0.082
,,,0.00541999999,      -0.064
,,,0.00542399999,      -0.074
,,,0.00542799999,       -0.07
,,,0.00543199999,      -0.072
,,,0.00543599999,       -0.07
,,,0.00543999999,      -0.072
,,,0.00544399999,      -0.064
,,,0.00544799999,      -0.066
,,,0.00545199999,      -0.068
,,,0.00545599999,       -0.07
,,,0.00545999999,      -0.066
,,,0.00546399999,      -0.068
,,,0.00546799999,      -0.062
,,,0.00547199999,      -0.062
,,,0.00547599999,       -0.07
,,,0.00547999999,      -0.062
,,,0.00548399999,      -0.068
,,,0.00548799999,       -0.06
,,,0.00549199999,      -0.066
,,,0.00549599999,      -0.062
,,,0.00549999999,      -0.062
,,,0.00550399999,      -0.058
,,,0.00550799999,      -0.062
,,,0.00551199999,      -0.054
,,,0.00551599999,      -0.058
,,,0.00551999999,       -0.06
,,,0.00552399999,       -0.06
,,,0.00552799999,       -0.06
,,,0.00553199999,      -0.054
,,,0.00553599999,      -0.064
,,,0.00553999999,      -0.048
,,,0.00554399999,      -0.054
,,,0.00554799999,      -0.056
,,,0.00555199999,      -0.058
,,,0.00555599999,      -0.052
,,,0.00555999999,      -0.058
,,,0.00556399999,      -0.052
,,,0.00556799999,      -0.056
,,,0.00557199999,      -0.052
,,,0.00557599999,      -0.052
,,,0.00557999999,      -0.054
,,,0.00558399999,      -0.054
,,,0.00558799999,      -0.048
,,,0.00559199999,      -0.056
,,,0.00559599999,      -0.054
,,,0.00559999999,      -0.046
,,,0.00560399999,      -0.052
,,,0.00560799999,      -0.054
,,,0.00561199999,      -0.058
,,,0.00561599999,      -0.052
,,,0.00561999999,       -0.05
,,,0.00562399999,      -0.052
,,,0.00562799999,      -0.052
,,,0.00563199999,       -0.05
,,,0.00563599999,      -0.048
,,,0.00563999999,      -0.048
,,,0.00564399999,      -0.044
,,,0.00564799999,       -0.05
,,,0.00565199999,      -0.046
,,,0.00565599999,       -0.05
,,,0.00565999999,      -0.048
,,,0.00566399999,      -0.046
,,,0.00566799999,      -0.048
,,,0.00567199999,      -0.046
,,,0.00567599999,      -0.046
,,,0.00567999999,      -0.044
,,,0.00568399999,      -0.046
,,,0.00568799999,      -0.048
,,,0.00569199999,      -0.044
,,,0.00569599999,      -0.048
,,,0.00569999999,      -0.046
,,,0.00570399999,       -0.05
,,,0.00570799999,      -0.042
,,,0.00571199999,      -0.044
,,,0.00571599999,      -0.044
,,,0.00571999999,      -0.044
,,,0.00572399999,      -0.044
,,,0.00572799999,      -0.044
,,,0.00573199999,      -0.036
,,,0.00573599999,      -0.038
,,,0.00573999999,      -0.038
,,,0.00574399999,       -0.04
,,,0.00574799999,      -0.042
,,,0.00575199999,      -0.038
,,,0.00575599999,       -0.04
,,,0.00575999999,      -0.038
,,,0.00576399999,      -0.038
,,,0.00576799999,      -0.038
,,,0.00577199999,       -0.04
,,,0.00577599999,      -0.038
,,,0.00577999999,       -0.04
,,,0.00578399999,       -0.04
,,,0.00578799999,       -0.03
,,,0.00579199999,      -0.038
,,,0.00579599999,      -0.038
,,,0.00579999999,      -0.034
,,,0.00580399999,      -0.036
,,,0.00580799999,      -0.032
,,,0.00581199999,      -0.036
,,,0.00581599999,      -0.032
,,,0.00581999999,      -0.036
,,,0.00582399999,      -0.036
,,,0.00582799999,      -0.034
,,,0.00583199999,       -0.04
,,,0.00583599999,      -0.034
,,,0.00583999999,       -0.04
,,,0.00584399999,      -0.034
,,,0.00584799999,      -0.032
,,,0.00585199999,      -0.032
,,,0.00585599999,      -0.032
,,,0.00585999999,       -0.03
,,,0.00586399999,      -0.034
,,,0.00586799999,      -0.028
,,,0.00587199999,      -0.034
,,,0.00587599999,      -0.032
,,,0.00587999999,      -0.028
,,,0.00588399999,      -0.032
,,,0.00588799999,       -0.03
,,,0.00589199999,      -0.032
,,,0.00589599999,      -0.032
,,,0.00589999999,      -0.032
,,,0.00590399999,      -0.028
,,,0.00590799999,      -0.036
,,,0.00591199999,       -0.03
,,,0.00591599999,      -0.028
,,,0.00591999999,      -0.028
,,,0.00592399999,       -0.03
,,,0.00592799999,      -0.026
,,,0.00593199999,      -0.028
,,,0.00593599999,      -0.028
,,,0.00593999999,      -0.026
,,,0.00594399998,      -0.028
,,,0.00594799998,      -0.022
,,,0.00595199998,      -0.028
,,,0.00595599998,      -0.024
,,,0.00595999998,       -0.03
,,,0.00596399998,      -0.026
,,,0.00596799998,      -0.026
,,,0.00597199998,       -0.03
,,,0.00597599998,      -0.026
,,,0.00597999998,      -0.026
,,,0.00598399998,      -0.026
,,,0.00598799998,      -0.026
,,,0.00599199998,      -0.026
,,,0.00599599998,      -0.024
,,,0.00599999998,      -0.024
,,,0.00600399998,      -0.022
,,,0.00600799998,      -0.026
,,,0.00601199998,      -0.026
,,,0.00601599998,      -0.024
,,,0.00601999998,      -0.026
,,,0.00602399998,      -0.026
,,,0.00602799998,      -0.024
,,,0.00603199998,      -0.022
,,,0.00603599998,      -0.026
,,,0.00603999998,      -0.022
,,,0.00604399998,      -0.022
,,,0.00604799998,       -0.02
,,,0.00605199998,      -0.024
,,,0.00605599998,      -0.024
,,,0.00605999998,      -0.026
,,,0.00606399998,      -0.024
,,,0.00606799998,       -0.02
,,,0.00607199998,      -0.024
,,,0.00607599998,       -0.02
,,,0.00607999998,      -0.024
,,,0.00608399998,       -0.02
,,,0.00608799998,      -0.024
,,,0.00609199998,      -0.018
,,,0.00609599998,      -0.022
,,,0.00609999998,       -0.02
,,,0.00610399998,      -0.024
,,,0.00610799998,       -0.02
,,,0.00611199998,       -0.02
,,,0.00611599998,      -0.026
,,,0.00611999998,      -0.022
,,,0.00612399998,      -0.016
,,,0.00612799998,      -0.018
,,,0.00613199998,      -0.016
,,,0.00613599998,       -0.02
,,,0.00613999998,      -0.016
,,,0.00614399998,      -0.028
,,,0.00614799998,       -0.02
,,,0.00615199998,      -0.022
,,,0.00615599998,      -0.018
,,,0.00615999998,      -0.018
,,,0.00616399998,      -0.024
,,,0.00616799998,      -0.016
,,,0.00617199998,      -0.022
,,,0.00617599998,       -0.02
,,,0.00617999998,      -0.016
,,,0.00618399998,      -0.018
,,,0.00618799998,      -0.022
,,,0.00619199998,      -0.022
,,,0.00619599998,      -0.018
,,,0.00619999998,      -0.018
,,,0.00620399998,       -0.01
,,,0.00620799998,      -0.024
,,,0.00621199998,      -0.016
,,,0.00621599998,      -0.014
,,,0.00621999998,      -0.018
,,,0.00622399998,      -0.014
,,,0.00622799998,      -0.012
,,,0.00623199998,      -0.018
,,,0.00623599998,      -0.016
,,,0.00623999998,       -0.02
,,,0.00624399998,      -0.016
,,,0.00624799998,      -0.012
,,,0.00625199998,      -0.016
,,,0.00625599998,       -0.02
,,,0.00625999998,      -0.012
,,,0.00626399998,      -0.018
,,,0.00626799998,      -0.014
,,,0.00627199998,      -0.016
,,,0.00627599998,       -0.01
,,,0.00627999998,      -0.014
,,,0.00628399998,      -0.018
,,,0.00628799998,      -0.012
,,,0.00629199998,      -0.012
,,,0.00629599998,      -0.014
,,,0.00629999998,       -0.01
,,,0.00630399998,      -0.014
,,,0.00630799998,      -0.018
,,,0.00631199998,       -0.02
,,,0.00631599998,       -0.02
,,,0.00631999998,      -0.014
,,,0.00632399998,      -0.012
,,,0.00632799998,      -0.018
,,,0.00633199998,      -0.014
,,,0.00633599998,       -0.02
,,,0.00633999998,       -0.01
,,,0.00634399998,      -0.006
,,,0.00634799998,      -0.012
,,,0.00635199998,      -0.014
,,,0.00635599998,      -0.018
,,,0.00635999998,      -0.014
,,,0.00636399998,      -0.014
,,,0.00636799998,      -0.012
,,,0.00637199998,      -0.022
,,,0.00637599998,      -0.012
,,,0.00637999998,      -0.014
,,,0.00638399998,      -0.014
,,,0.00638799998,      -0.012
,,,0.00639199998,      -0.012
,,,0.00639599998,       -0.01
,,,0.00639999998,       -0.01
,,,0.00640399998,      -0.018
,,,0.00640799998,       -0.01
,,,0.00641199998,       -0.01
,,,0.00641599998,      -0.016
,,,0.00641999998,       -0.01
,,,0.00642399998,      -0.012
,,,0.00642799998,      -0.014
,,,0.00643199998,       -0.01
,,,0.00643599998,      -0.014
,,,0.00643999998,      -0.014
,,,0.00644399998,      -0.008
,,,0.00644799998,      -0.014
,,,0.00645199998,       -0.01
,,,0.00645599998,       -0.01
,,,0.00645999998,      -0.006
,,,0.00646399998,      -0.006
,,,0.00646799998,       -0.01
,,,0.00647199998,      -0.012
,,,0.00647599998,       -0.01
,,,0.00647999998,      -0.006
,,,0.00648399998,      -0.008
,,,0.00648799998,      -0.018
,,,0.00649199998,      -0.008
,,,0.00649599998,      -0.008
,,,0.00649999998,      -0.002
,,,0.00650399998,       -0.01
,,,0.00650799998,      -0.006
,,,0.00651199998,       -0.01
,,,0.00651599998,      -0.008
,,,0.00651999998,      -0.004
,,,0.00652399998,      -0.008
,,,0.00652799998,       -0.01
,,,0.00653199998,       -0.01
,,,0.00653599998,       -0.01
,,,0.00653999998,      -0.008
,,,0.00654399998,      -0.012
,,,0.00654799998,      -0.008
,,,0.00655199998,      -0.008
,,,0.00655599998,       -0.01
,,,0.00655999998,      -0.012
,,,0.00656399998,      -0.008
,,,0.00656799998,       -0.01
,,,0.00657199998,           0
,,,0.00657599998,      -0.006
,,,0.00657999998,      -0.006
,,,0.00658399998,      -0.006
,,,0.00658799998,      -0.004
,,,0.00659199998,      -0.004
,,,0.00659599998,      -0.004
,,,0.00659999998,      -0.008
,,,0.00660399998,      -0.006
,,,0.00660799998,      -0.004
,,,0.00661199998,       -0.01
,,,0.00661599998,      -0.004
,,,0.00661999998,           0
,,,0.00662399998,      -0.006
,,,0.00662799998,       0.002
,,,0.00663199998,      -0.006
,,,0.00663599998,      -0.008
,,,0.00663999998,      -0.004
,,,0.00664399998,      -0.006
,,,0.00664799998,      -0.002
,,,0.00665199998,      -0.004
,,,0.00665599998,      -0.008
,,,0.00665999998,      -0.008
,,,0.00666399998,      -0.004
,,,0.00666799998,      -0.008
,,,0.00667199998,           0
,,,0.00667599998,      -0.008
,,,0.00667999998,      -0.004
,,,0.00668399998,       0.002
,,,0.00668799998,      -0.006
,,,0.00669199998,      -0.006
,,,0.00669599998,      -0.008
,,,0.00669999998,      -0.004
,,,0.00670399998,      -0.006
,,,0.00670799998,      -0.002
,,,0.00671199998,           0
,,,0.00671599998,      -0.006
,,,0.00671999998,      -0.006
,,,0.00672399998,      -0.004
,,,0.00672799998,      -0.002
,,,0.00673199998,      -0.004
,,,0.00673599998,       0.002
,,,0.00673999998,           0
,,,0.00674399998,      -0.002
,,,0.00674799998,      -0.002
,,,0.00675199998,      -0.002
,,,0.00675599998,      -0.004
,,,0.00675999998,      -0.004
,,,0.00676399998,      -0.004
,,,0.00676799998,           0
,,,0.00677199998,      -0.004
,,,0.00677599998,      -0.002
,,,0.00677999998,      -0.006
,,,0.00678399998,      -0.004
,,,0.00678799998,      -0.002
,,,0.00679199998,      -0.004
,,,0.00679599998,      -0.004
,,,0.00679999998,      -0.002
,,,0.00680399998,      -0.002
,,,0.00680799998,      -0.004
,,,0.00681199998,           0
,,,0.00681599998,      -0.006
,,,0.00681999998,      -0.004
,,,0.00682399998,      -0.002
,,,0.00682799998,      -0.008
,,,0.00683199998,      -0.006
,,,0.00683599998,       0.002
,,,0.00683999998,      -0.004
,,,0.00684399998,      -0.006
,,,0.00684799998,           0
,,,0.00685199998,      -0.002
,,,0.00685599998,      -0.002
,,,0.00685999998,           0
,,,0.00686399998,      -0.002
,,,0.00686799998,      -0.004
,,,0.00687199998,      -0.006
,,,0.00687599998,       0.002
,,,0.00687999998,           0
,,,0.00688399998,      -0.004
,,,0.00688799998,       -0.01
,,,0.00689199998,           0
,,,0.00689599998,           0
,,,0.00689999998,      -0.002
,,,0.00690399998,      -0.006
,,,0.00690799998,       0.002
,,,0.00691199998,       0.002
,,,0.00691599998,       0.002
,,,0.00691999998,      -0.004
,,,0.00692399998,      -0.002
,,,0.00692799998,      -0.002
,,,0.00693199998,      -0.002
,,,0.00693599998,       0.004
,,,0.00693999998,      -0.004
,,,0.00694399998,       0.002
,,,0.00694799998,      -0.002
,,,0.00695199998,       0.002
,,,0.00695599998,       0.002
,,,0.00695999998,      -0.002
,,,0.00696399998,           0
,,,0.00696799998,           0
,,,0.00697199998,       0.002
,,,0.00697599998,      -0.002
,,,0.00697999998,       0.006
,,,0.00698399998,           0
,,,0.00698799998,      -0.004
,,,0.00699199998,           0
,,,0.00699599998,      -0.004
,,,0.00699999998,       0.002
,,,0.00700399998,       0.004
,,,0.00700799998,       0.002
,,,0.00701199998,      -0.002
,,,0.00701599998,      -0.002
,,,0.00701999998,       0.002
,,,0.00702399998,       0.006
,,,0.00702799998,           0
,,,0.00703199998,       0.002
,,,0.00703599998,       0.002
,,,0.00703999998,       0.002
,,,0.00704399998,           0
,,,0.00704799998,       0.004
,,,0.00705199998,           0
,,,0.00705599998,           0
,,,0.00705999998,           0
,,,0.00706399998,      -0.002
,,,0.00706799998,      -0.002
,,,0.00707199998,       0.004
,,,0.00707599998,       0.006
,,,0.00707999998,           0
,,,0.00708399998,       0.004
,,,0.00708799998,       0.002
,,,0.00709199998,       0.002
,,,0.00709599998,       0.002
,,,0.00709999998,      -0.002
,,,0.00710399998,      -0.002
,,,0.00710799998,           0
,,,0.00711199998,           0
,,,0.00711599998,      -0.002
,,,0.00711999998,       0.002
,,,0.00712399998,       -0.01
,,,0.00712799998,       0.002
,,,0.00713199998,       0.002
,,,0.00713599998,       0.002
,,,0.00713999998,      -0.002
,,,0.00714399998,       0.004
,,,0.00714799998,           0
,,,0.00715199998,      -0.002
,,,0.00715599998,           0
,,,0.00715999998,           0
,,,0.00716399998,       0.004
,,,0.00716799998,       0.002
,,,0.00717199998,       0.002
,,,0.00717599998,           0
,,,0.00717999998,       0.006
,,,0.00718399998,           0
,,,0.00718799998,       0.002
,,,0.00719199998,       0.002
,,,0.00719599998,       0.002
,,,0.00719999998,      -0.006
,,,0.00720399998,       0.006
,,,0.00720799998,           0
,,,0.00721199998,           0
,,,0.00721599998,       0.002
,,,0.00721999998,       0.002
,,,0.00722399998,       0.002
,,,0.00722799998,       0.004
,,,0.00723199998,       0.006
,,,0.00723599998,       0.002
,,,0.00723999998,       0.002
,,,0.00724399998,       0.002
,,,0.00724799998,       0.002
,,,0.00725199998,           0
,,,0.00725599998,       0.008
,,,0.00725999998,           0
,,,0.00726399998,       0.002
,,,0.00726799998,       0.002
,,,0.00727199998,           0
,,,0.00727599998,      -0.002
,,,0.00727999998,       0.006
,,,0.00728399998,           0
,,,0.00728799998,      -0.002
,,,0.00729199998,      -0.002
,,,0.00729599998,       0.006
,,,0.00729999998,       0.004
,,,0.00730399998,       0.002
,,,0.00730799998,      -0.004
,,,0.00731199998,       0.002
,,,0.00731599998,       0.004
